time,PC1.1,PC1.2,PC1.3,PC2.1,PC2.2,PC3.1,PC3.2,PC4.1,PC4.2,E0.1.1,E0.1.2,E0.1.3,E0.2.1,E0.2.2,E0.3.1,E0.3.2,E0.4.1,E0.4.2,E2.1.1,E2.1.2,E2.1.3,E2.2.1,E2.2.2,E2.3.1,E2.3.2,E2.4.1,E2.4.2,E4.1.1,E4.1.2,E4.1.3,E4.2.1,E4.2.2,E4.3.1,E4.3.2,E4.4.1,E4.4.2
0,0.031,0.067,0.071,0.037,0.032,0.06,0.031,0.029,0.024,0.03,0.067,0.072,0.033,0.031,0.032,0.032,0.025,0.024,0.027,0.047,0.031,0.031,0.032,0.032,0.031,0.025,0.025,0.028,0.03,0.03,0.031,0.031,0.03,0.03,0.024,0.025
10,0.038,0.043,0.043,0.045,0.039,0.043,0.04,0.037,0.031,0.037,0.037,0.04,0.042,0.04,0.042,0.04,0.033,0.032,0.033,0.036,0.036,0.04,0.039,0.041,0.039,0.032,0.033,0.035,0.036,0.038,0.039,0.039,0.039,0.039,0.029,0.031
20,0.05,0.054,0.054,0.058,0.051,0.056,0.051,0.05,0.044,0.048,0.049,0.052,0.054,0.05,0.054,0.051,0.046,0.044,0.043,0.047,0.047,0.052,0.052,0.054,0.051,0.044,0.046,0.044,0.046,0.047,0.049,0.048,0.05,0.047,0.039,0.041
30,0.065,0.07,0.07,0.076,0.066,0.072,0.064,0.064,0.056,0.063,0.063,0.066,0.071,0.066,0.07,0.066,0.06,0.058,0.058,0.062,0.062,0.067,0.066,0.066,0.064,0.057,0.059,0.056,0.058,0.06,0.062,0.061,0.06,0.06,0.051,0.053
40,0.086,0.09,0.091,0.096,0.087,0.095,0.087,0.085,0.076,0.081,0.083,0.086,0.093,0.086,0.092,0.088,0.082,0.08,0.076,0.079,0.079,0.088,0.086,0.084,0.082,0.077,0.078,0.072,0.074,0.075,0.081,0.079,0.078,0.077,0.068,0.07
50,0.11,0.119,0.116,0.124,0.113,0.12,0.111,0.107,0.1,0.108,0.109,0.114,0.119,0.112,0.119,0.112,0.105,0.104,0.098,0.1,0.101,0.113,0.109,0.106,0.105,0.097,0.099,0.093,0.094,0.096,0.102,0.1,0.099,0.098,0.087,0.09
60,0.135,0.142,0.144,0.145,0.138,0.14,0.133,0.127,0.122,0.134,0.139,0.145,0.145,0.14,0.146,0.138,0.129,0.129,0.124,0.124,0.125,0.135,0.133,0.129,0.129,0.118,0.121,0.116,0.116,0.121,0.124,0.122,0.12,0.12,0.106,0.109
70,0.16,0.17,0.172,0.172,0.163,0.165,0.161,0.151,0.142,0.163,0.17,0.175,0.174,0.169,0.174,0.167,0.156,0.154,0.147,0.149,0.149,0.159,0.156,0.152,0.149,0.139,0.14,0.137,0.137,0.139,0.141,0.138,0.136,0.136,0.121,0.124
80,0.192,0.201,0.203,0.198,0.191,0.196,0.187,0.177,0.173,0.194,0.202,0.208,0.201,0.197,0.202,0.196,0.184,0.185,0.173,0.177,0.176,0.183,0.18,0.174,0.174,0.161,0.163,0.16,0.159,0.161,0.16,0.158,0.156,0.157,0.137,0.14
90,0.216,0.226,0.229,0.224,0.213,0.219,0.213,0.2,0.195,0.22,0.23,0.238,0.225,0.222,0.227,0.219,0.21,0.21,0.195,0.198,0.196,0.201,0.2,0.193,0.193,0.18,0.184,0.178,0.178,0.18,0.176,0.175,0.171,0.174,0.153,0.157
100,0.245,0.254,0.26,0.248,0.238,0.244,0.234,0.226,0.219,0.246,0.258,0.269,0.249,0.247,0.252,0.245,0.234,0.238,0.216,0.22,0.22,0.221,0.219,0.213,0.213,0.199,0.203,0.194,0.196,0.198,0.19,0.188,0.187,0.19,0.168,0.172
110,0.273,0.282,0.289,0.275,0.268,0.273,0.262,0.257,0.247,0.273,0.287,0.301,0.276,0.274,0.281,0.273,0.265,0.267,0.237,0.244,0.246,0.242,0.24,0.238,0.236,0.223,0.225,0.213,0.216,0.218,0.205,0.203,0.206,0.208,0.183,0.191
120,0.308,0.315,0.322,0.307,0.297,0.305,0.292,0.287,0.277,0.303,0.317,0.335,0.303,0.303,0.311,0.303,0.294,0.296,0.262,0.27,0.274,0.266,0.264,0.261,0.26,0.245,0.249,0.233,0.238,0.238,0.221,0.221,0.223,0.228,0.201,0.21
130,0.333,0.342,0.354,0.324,0.32,0.328,0.313,0.308,0.302,0.328,0.344,0.367,0.322,0.325,0.333,0.326,0.317,0.324,0.285,0.294,0.303,0.288,0.286,0.281,0.281,0.265,0.269,0.252,0.258,0.259,0.234,0.235,0.24,0.246,0.219,0.228
140,0.351,0.371,0.389,0.341,0.337,0.346,0.33,0.326,0.319,0.347,0.362,0.389,0.34,0.343,0.351,0.343,0.338,0.348,0.307,0.317,0.332,0.31,0.306,0.302,0.302,0.287,0.29,0.27,0.277,0.28,0.25,0.252,0.257,0.265,0.235,0.246
150,0.374,0.388,0.409,0.359,0.354,0.366,0.347,0.343,0.336,0.367,0.38,0.405,0.357,0.36,0.37,0.362,0.358,0.369,0.327,0.341,0.358,0.326,0.32,0.32,0.321,0.307,0.31,0.288,0.298,0.3,0.264,0.268,0.275,0.284,0.253,0.263
160,0.391,0.409,0.43,0.376,0.369,0.384,0.36,0.363,0.351,0.386,0.403,0.425,0.376,0.378,0.39,0.379,0.379,0.392,0.344,0.361,0.38,0.343,0.337,0.337,0.34,0.324,0.327,0.303,0.316,0.318,0.276,0.28,0.288,0.298,0.271,0.282
170,0.416,0.436,0.455,0.394,0.389,0.41,0.379,0.384,0.37,0.408,0.424,0.442,0.395,0.398,0.413,0.401,0.402,0.414,0.363,0.382,0.397,0.361,0.353,0.369,0.361,0.344,0.346,0.318,0.331,0.334,0.289,0.294,0.305,0.316,0.286,0.297
180,0.437,0.455,0.483,0.416,0.41,0.435,0.399,0.409,0.39,0.43,0.443,0.466,0.417,0.418,0.432,0.419,0.422,0.436,0.382,0.407,0.418,0.379,0.37,0.39,0.379,0.367,0.366,0.335,0.346,0.35,0.305,0.309,0.32,0.334,0.304,0.315
190,0.466,0.476,0.502,0.437,0.429,0.464,0.422,0.433,0.409,0.455,0.468,0.487,0.437,0.438,0.453,0.44,0.445,0.457,0.404,0.43,0.434,0.399,0.389,0.411,0.402,0.386,0.386,0.351,0.363,0.367,0.323,0.326,0.338,0.352,0.323,0.333
200,0.497,0.499,0.524,0.46,0.448,0.489,0.438,0.461,0.43,0.477,0.493,0.511,0.456,0.457,0.473,0.458,0.472,0.476,0.428,0.455,0.455,0.418,0.406,0.432,0.422,0.41,0.409,0.37,0.383,0.384,0.336,0.341,0.353,0.364,0.341,0.351
210,0.529,0.518,0.539,0.481,0.466,0.509,0.459,0.484,0.447,0.499,0.516,0.533,0.475,0.474,0.491,0.484,0.495,0.496,0.452,0.478,0.476,0.44,0.424,0.454,0.443,0.431,0.429,0.388,0.401,0.402,0.352,0.358,0.372,0.384,0.358,0.369
220,0.545,0.537,0.553,0.499,0.483,0.532,0.479,0.502,0.469,0.523,0.538,0.553,0.492,0.49,0.51,0.498,0.515,0.515,0.475,0.5,0.494,0.457,0.438,0.476,0.461,0.452,0.449,0.408,0.421,0.419,0.369,0.375,0.39,0.401,0.376,0.386
230,0.565,0.558,0.573,0.516,0.501,0.548,0.496,0.522,0.49,0.546,0.559,0.572,0.511,0.511,0.531,0.515,0.538,0.534,0.493,0.519,0.509,0.475,0.45,0.494,0.478,0.472,0.468,0.429,0.439,0.434,0.383,0.387,0.402,0.415,0.391,0.401
240,0.582,0.575,0.586,0.528,0.515,0.567,0.514,0.539,0.508,0.57,0.58,0.597,0.527,0.524,0.547,0.53,0.559,0.554,0.516,0.537,0.528,0.493,0.465,0.51,0.497,0.493,0.485,0.44,0.455,0.448,0.394,0.4,0.415,0.428,0.415,0.415
250,0.6,0.594,0.604,0.546,0.533,0.588,0.534,0.557,0.53,0.59,0.6,0.615,0.541,0.539,0.563,0.544,0.577,0.572,0.535,0.554,0.547,0.506,0.476,0.524,0.511,0.512,0.505,0.456,0.466,0.458,0.409,0.41,0.43,0.44,0.421,0.429
260,0.621,0.613,0.626,0.561,0.551,0.604,0.553,0.574,0.554,0.609,0.62,0.633,0.557,0.552,0.579,0.559,0.596,0.59,0.551,0.567,0.562,0.517,0.484,0.539,0.524,0.527,0.518,0.469,0.482,0.47,0.418,0.415,0.437,0.45,0.432,0.441
270,0.638,0.629,0.643,0.581,0.569,0.627,0.575,0.594,0.576,0.628,0.634,0.649,0.574,0.566,0.595,0.574,0.612,0.608,0.567,0.579,0.573,0.53,0.493,0.549,0.539,0.54,0.534,0.482,0.492,0.48,0.442,0.423,0.446,0.458,0.441,0.453
280,0.657,0.649,0.662,0.602,0.592,0.644,0.594,0.613,0.594,0.645,0.651,0.665,0.587,0.581,0.61,0.589,0.627,0.623,0.581,0.591,0.586,0.542,0.502,0.558,0.549,0.552,0.546,0.491,0.502,0.495,0.453,0.43,0.455,0.467,0.451,0.461
290,0.68,0.67,0.686,0.62,0.612,0.668,0.62,0.633,0.616,0.658,0.664,0.677,0.6,0.592,0.624,0.603,0.637,0.638,0.591,0.6,0.596,0.552,0.513,0.568,0.562,0.563,0.559,0.499,0.508,0.501,0.465,0.438,0.465,0.478,0.457,0.467
300,0.706,0.688,0.703,0.644,0.632,0.683,0.644,0.654,0.636,0.67,0.677,0.688,0.61,0.603,0.635,0.615,0.65,0.653,0.604,0.606,0.606,0.558,0.518,0.578,0.574,0.572,0.569,0.508,0.518,0.508,0.466,0.444,0.47,0.481,0.467,0.473
310,0.728,0.706,0.726,0.666,0.649,0.701,0.661,0.675,0.66,0.682,0.687,0.697,0.63,0.613,0.647,0.628,0.664,0.666,0.612,0.612,0.613,0.569,0.525,0.586,0.582,0.583,0.58,0.514,0.524,0.514,0.47,0.449,0.482,0.487,0.474,0.483
320,0.75,0.728,0.741,0.68,0.668,0.716,0.68,0.694,0.68,0.695,0.697,0.706,0.64,0.625,0.659,0.637,0.673,0.676,0.623,0.622,0.622,0.578,0.532,0.593,0.591,0.589,0.592,0.525,0.534,0.525,0.479,0.456,0.485,0.497,0.486,0.491
330,0.764,0.744,0.757,0.695,0.68,0.732,0.697,0.71,0.695,0.704,0.704,0.711,0.649,0.634,0.669,0.648,0.685,0.687,0.629,0.628,0.628,0.586,0.54,0.6,0.598,0.595,0.601,0.531,0.54,0.528,0.483,0.463,0.491,0.501,0.49,0.498
340,0.777,0.759,0.771,0.716,0.694,0.749,0.713,0.725,0.713,0.715,0.711,0.721,0.659,0.645,0.68,0.66,0.696,0.697,0.636,0.632,0.633,0.592,0.548,0.604,0.602,0.602,0.61,0.536,0.541,0.536,0.488,0.468,0.497,0.507,0.493,0.505
350,0.79,0.771,0.783,0.727,0.71,0.765,0.73,0.74,0.732,0.723,0.719,0.731,0.669,0.655,0.688,0.671,0.705,0.708,0.644,0.639,0.641,0.601,0.555,0.613,0.615,0.608,0.619,0.543,0.547,0.543,0.494,0.474,0.502,0.513,0.499,0.51
360,0.8,0.785,0.798,0.741,0.724,0.773,0.741,0.75,0.747,0.731,0.726,0.739,0.677,0.664,0.694,0.68,0.716,0.722,0.65,0.647,0.648,0.609,0.564,0.619,0.622,0.617,0.623,0.551,0.554,0.547,0.497,0.48,0.509,0.521,0.506,0.518
370,0.812,0.8,0.81,0.752,0.737,0.79,0.758,0.768,0.76,0.74,0.735,0.748,0.685,0.669,0.707,0.692,0.724,0.729,0.656,0.654,0.651,0.612,0.572,0.628,0.632,0.624,0.632,0.554,0.557,0.552,0.504,0.485,0.518,0.529,0.508,0.526
380,0.823,0.811,0.82,0.766,0.749,0.8,0.771,0.781,0.774,0.744,0.741,0.752,0.693,0.68,0.715,0.699,0.733,0.739,0.664,0.658,0.66,0.618,0.581,0.635,0.637,0.632,0.64,0.561,0.564,0.561,0.51,0.488,0.523,0.535,0.517,0.53
390,0.832,0.823,0.834,0.776,0.76,0.814,0.785,0.792,0.787,0.752,0.747,0.761,0.703,0.69,0.723,0.708,0.739,0.748,0.669,0.666,0.668,0.629,0.601,0.639,0.649,0.638,0.648,0.568,0.571,0.567,0.512,0.496,0.53,0.543,0.521,0.539
400,0.852,0.841,0.851,0.789,0.771,0.828,0.799,0.809,0.802,0.758,0.756,0.77,0.71,0.698,0.732,0.717,0.749,0.755,0.676,0.673,0.675,0.636,0.598,0.648,0.659,0.646,0.658,0.572,0.576,0.572,0.518,0.498,0.536,0.547,0.526,0.547
410,0.862,0.855,0.867,0.802,0.785,0.838,0.809,0.819,0.81,0.764,0.765,0.777,0.718,0.708,0.742,0.726,0.755,0.765,0.683,0.677,0.682,0.642,0.607,0.653,0.666,0.649,0.666,0.576,0.581,0.581,0.522,0.504,0.544,0.553,0.528,0.55
420,0.874,0.865,0.878,0.815,0.797,0.851,0.822,0.832,0.823,0.767,0.771,0.784,0.723,0.716,0.744,0.734,0.763,0.771,0.688,0.684,0.687,0.649,0.618,0.66,0.673,0.656,0.672,0.583,0.586,0.585,0.527,0.511,0.547,0.563,0.535,0.556
430,0.884,0.876,0.888,0.828,0.805,0.867,0.83,0.844,0.833,0.77,0.777,0.791,0.731,0.723,0.749,0.744,0.769,0.777,0.695,0.689,0.695,0.658,0.63,0.668,0.68,0.661,0.68,0.591,0.593,0.59,0.531,0.515,0.554,0.568,0.543,0.566
440,0.901,0.893,0.902,0.836,0.818,0.878,0.843,0.854,0.844,0.774,0.785,0.798,0.742,0.733,0.757,0.75,0.775,0.784,0.702,0.694,0.701,0.666,0.637,0.675,0.688,0.667,0.687,0.595,0.596,0.597,0.536,0.518,0.558,0.576,0.546,0.568
450,0.907,0.906,0.91,0.848,0.828,0.895,0.85,0.867,0.855,0.779,0.79,0.801,0.748,0.739,0.762,0.756,0.782,0.791,0.704,0.699,0.708,0.671,0.646,0.679,0.694,0.672,0.693,0.602,0.603,0.603,0.538,0.52,0.563,0.581,0.55,0.577
460,0.921,0.923,0.925,0.861,0.838,0.91,0.863,0.878,0.865,0.786,0.796,0.81,0.757,0.748,0.772,0.767,0.787,0.798,0.711,0.705,0.714,0.679,0.658,0.691,0.704,0.679,0.702,0.607,0.609,0.611,0.544,0.531,0.569,0.588,0.561,0.581
470,0.931,0.938,0.939,0.87,0.845,0.919,0.871,0.887,0.873,0.792,0.805,0.817,0.762,0.756,0.776,0.773,0.792,0.806,0.716,0.711,0.721,0.685,0.673,0.696,0.71,0.686,0.711,0.612,0.614,0.617,0.549,0.535,0.574,0.592,0.56,0.59
480,0.94,0.948,0.948,0.882,0.862,0.927,0.883,0.9,0.884,0.796,0.808,0.822,0.768,0.765,0.784,0.781,0.8,0.812,0.724,0.715,0.726,0.692,0.679,0.704,0.72,0.689,0.719,0.617,0.616,0.619,0.553,0.535,0.58,0.597,0.567,0.594
490,0.949,0.954,0.958,0.894,0.874,0.94,0.893,0.912,0.895,0.799,0.813,0.827,0.779,0.774,0.787,0.789,0.808,0.818,0.73,0.719,0.733,0.702,0.682,0.711,0.724,0.699,0.723,0.621,0.621,0.623,0.555,0.538,0.584,0.602,0.575,0.598
500,0.958,0.965,0.966,0.906,0.885,0.95,0.904,0.921,0.904,0.806,0.819,0.832,0.784,0.781,0.797,0.799,0.814,0.827,0.737,0.724,0.735,0.71,0.696,0.715,0.732,0.704,0.733,0.627,0.625,0.628,0.558,0.543,0.586,0.605,0.578,0.606
510,0.968,0.973,0.975,0.913,0.894,0.959,0.916,0.933,0.915,0.81,0.825,0.836,0.792,0.787,0.802,0.806,0.818,0.831,0.744,0.731,0.74,0.714,0.7,0.724,0.741,0.709,0.744,0.632,0.625,0.628,0.56,0.543,0.591,0.609,0.586,0.612
520,0.978,0.984,0.991,0.927,0.905,0.966,0.924,0.937,0.921,0.819,0.834,0.846,0.798,0.794,0.806,0.813,0.821,0.837,0.747,0.737,0.746,0.719,0.704,0.729,0.747,0.715,0.749,0.633,0.63,0.63,0.556,0.539,0.592,0.61,0.584,0.618
530,0.984,0.988,0.995,0.938,0.914,0.98,0.931,0.946,0.929,0.822,0.837,0.85,0.805,0.801,0.814,0.82,0.827,0.842,0.753,0.741,0.751,0.725,0.712,0.735,0.751,0.72,0.751,0.639,0.629,0.632,0.558,0.54,0.595,0.614,0.587,0.623
540,0.987,0.997,1.004,0.945,0.923,0.982,0.938,0.954,0.937,0.826,0.841,0.855,0.81,0.808,0.818,0.825,0.834,0.849,0.761,0.746,0.757,0.728,0.719,0.735,0.76,0.722,0.759,0.638,0.632,0.633,0.56,0.539,0.593,0.612,0.594,0.624
550,0.995,1.005,1.011,0.955,0.934,0.993,0.95,0.961,0.943,0.831,0.845,0.86,0.816,0.814,0.825,0.833,0.837,0.854,0.768,0.749,0.761,0.731,0.718,0.744,0.762,0.729,0.764,0.643,0.631,0.633,0.558,0.543,0.595,0.613,0.594,0.629
560,1.004,1.014,1.022,0.963,0.942,1,0.958,0.969,0.951,0.841,0.851,0.865,0.819,0.821,0.828,0.839,0.841,0.858,0.776,0.754,0.766,0.739,0.723,0.744,0.768,0.729,0.769,0.643,0.631,0.634,0.558,0.54,0.591,0.614,0.596,0.633
570,1.009,1.02,1.029,0.967,0.953,1.007,0.966,0.978,0.959,0.845,0.855,0.869,0.825,0.827,0.833,0.844,0.845,0.864,0.777,0.758,0.771,0.743,0.728,0.751,0.771,0.734,0.772,0.644,0.631,0.634,0.557,0.536,0.594,0.618,0.596,0.633
580,1.014,1.028,1.034,0.973,0.959,1.016,0.974,0.983,0.964,0.849,0.861,0.874,0.83,0.833,0.84,0.849,0.85,0.867,0.78,0.761,0.773,0.747,0.732,0.754,0.773,0.736,0.776,0.646,0.633,0.638,0.553,0.539,0.595,0.616,0.595,0.635
590,1.02,1.034,1.041,0.981,0.966,1.017,0.981,0.994,0.974,0.85,0.865,0.879,0.834,0.839,0.842,0.857,0.857,0.873,0.785,0.766,0.777,0.75,0.737,0.759,0.779,0.738,0.78,0.645,0.635,0.638,0.554,0.531,0.594,0.616,0.598,0.633
600,1.029,1.043,1.054,0.991,0.972,1.025,0.986,1,0.98,0.859,0.873,0.883,0.839,0.846,0.847,0.863,0.86,0.879,0.789,0.768,0.781,0.757,0.739,0.757,0.783,0.741,0.786,0.642,0.636,0.637,0.552,0.544,0.592,0.613,0.597,0.638
610,1.034,1.047,1.056,0.997,0.981,1.033,0.995,1.001,0.984,0.863,0.877,0.889,0.845,0.849,0.852,0.867,0.862,0.882,0.796,0.77,0.783,0.76,0.739,0.765,0.789,0.744,0.787,0.646,0.635,0.637,0.55,0.54,0.59,0.613,0.598,0.637
620,1.037,1.052,1.06,1,0.989,1.033,0.999,1.009,0.991,0.865,0.879,0.892,0.846,0.855,0.852,0.872,0.869,0.889,0.798,0.774,0.784,0.762,0.744,0.767,0.791,0.746,0.79,0.644,0.635,0.637,0.547,0.524,0.591,0.615,0.6,0.637
630,1.045,1.058,1.069,1.004,0.993,1.04,1.007,1.016,1,0.872,0.885,0.9,0.855,0.858,0.86,0.878,0.873,0.89,0.801,0.776,0.789,0.767,0.743,0.77,0.792,0.749,0.795,0.641,0.636,0.637,0.545,0.54,0.593,0.614,0.594,0.637
640,1.049,1.063,1.072,1.013,0.998,1.045,1.015,1.019,1.008,0.873,0.886,0.9,0.859,0.865,0.863,0.883,0.874,0.895,0.804,0.778,0.79,0.769,0.747,0.772,0.799,0.75,0.796,0.643,0.636,0.636,0.542,0.55,0.593,0.615,0.597,0.635
650,1.058,1.07,1.08,1.018,1.006,1.052,1.021,1.023,1.01,0.878,0.894,0.904,0.859,0.872,0.87,0.89,0.876,0.896,0.806,0.783,0.796,0.776,0.75,0.774,0.799,0.752,0.797,0.642,0.636,0.637,0.542,0.555,0.589,0.61,0.597,0.64
660,1.062,1.073,1.086,1.026,1.01,1.054,1.026,1.031,1.018,0.883,0.896,0.908,0.866,0.875,0.872,0.893,0.886,0.899,0.808,0.784,0.797,0.778,0.752,0.779,0.804,0.757,0.798,0.638,0.636,0.637,0.538,0.535,0.587,0.608,0.594,0.636
670,1.069,1.081,1.09,1.029,1.017,1.06,1.028,1.034,1.023,0.889,0.9,0.912,0.87,0.879,0.878,0.898,0.884,0.905,0.811,0.787,0.8,0.779,0.756,0.779,0.809,0.76,0.804,0.639,0.638,0.639,0.536,0.519,0.586,0.606,0.598,0.637
680,1.072,1.084,1.094,1.03,1.024,1.061,1.034,1.037,1.028,0.89,0.901,0.916,0.868,0.883,0.881,0.903,0.889,0.909,0.814,0.79,0.802,0.784,0.757,0.786,0.811,0.764,0.808,0.637,0.637,0.638,0.537,0.541,0.586,0.605,0.593,0.636
690,1.075,1.087,1.094,1.038,1.023,1.065,1.04,1.043,1.032,0.895,0.906,0.918,0.874,0.888,0.884,0.906,0.892,0.912,0.818,0.79,0.804,0.791,0.758,0.789,0.813,0.766,0.809,0.638,0.637,0.637,0.528,0.531,0.583,0.604,0.588,0.635
700,1.081,1.094,1.102,1.043,1.031,1.067,1.041,1.045,1.034,0.895,0.909,0.922,0.879,0.891,0.888,0.908,0.891,0.915,0.816,0.796,0.808,0.792,0.762,0.791,0.815,0.767,0.812,0.636,0.638,0.636,0.533,0.534,0.584,0.603,0.586,0.632
710,1.081,1.096,1.103,1.044,1.029,1.069,1.044,1.046,1.039,0.899,0.912,0.923,0.882,0.896,0.89,0.912,0.899,0.923,0.822,0.798,0.812,0.8,0.767,0.793,0.819,0.769,0.814,0.637,0.638,0.635,0.526,0.546,0.584,0.606,0.585,0.625
720,1.086,1.1,1.107,1.049,1.035,1.073,1.047,1.051,1.042,0.904,0.915,0.927,0.884,0.898,0.892,0.914,0.902,0.922,0.825,0.801,0.814,0.8,0.77,0.798,0.823,0.772,0.816,0.634,0.638,0.633,0.527,0.533,0.583,0.604,0.58,0.623
730,1.088,1.104,1.111,1.052,1.039,1.075,1.051,1.056,1.046,0.905,0.919,0.93,0.885,0.903,0.893,0.918,0.905,0.925,0.828,0.804,0.818,0.806,0.773,0.8,0.826,0.778,0.82,0.631,0.638,0.632,0.524,0.531,0.582,0.603,0.581,0.621
740,1.093,1.108,1.113,1.056,1.034,1.081,1.055,1.055,1.049,0.907,0.921,0.933,0.89,0.908,0.9,0.924,0.905,0.928,0.829,0.805,0.819,0.811,0.775,0.805,0.833,0.78,0.823,0.63,0.636,0.631,0.521,0.524,0.581,0.601,0.578,0.622
750,1.094,1.111,1.118,1.06,1.039,1.083,1.059,1.059,1.049,0.908,0.925,0.935,0.895,0.912,0.905,0.927,0.908,0.931,0.831,0.81,0.824,0.816,0.779,0.81,0.839,0.784,0.823,0.628,0.634,0.63,0.521,0.506,0.582,0.599,0.577,0.619
760,1.098,1.115,1.123,1.061,1.045,1.083,1.058,1.062,1.053,0.913,0.928,0.938,0.898,0.914,0.907,0.929,0.914,0.934,0.833,0.814,0.828,0.819,0.784,0.812,0.84,0.789,0.825,0.626,0.635,0.629,0.519,0.514,0.581,0.6,0.575,0.615
770,1.1,1.116,1.125,1.065,1.046,1.087,1.064,1.066,1.055,0.917,0.933,0.942,0.897,0.918,0.913,0.931,0.915,0.938,0.84,0.817,0.831,0.824,0.787,0.818,0.845,0.789,0.831,0.623,0.632,0.632,0.519,0.51,0.581,0.599,0.572,0.616
780,1.1,1.12,1.13,1.066,1.049,1.088,1.065,1.069,1.056,0.917,0.933,0.944,0.904,0.923,0.914,0.935,0.918,0.936,0.837,0.82,0.831,0.83,0.79,0.821,0.847,0.794,0.833,0.623,0.63,0.63,0.542,0.512,0.58,0.596,0.57,0.614
790,1.104,1.121,1.13,1.07,1.045,1.086,1.066,1.068,1.057,0.919,0.936,0.947,0.904,0.927,0.91,0.937,0.919,0.94,0.843,0.823,0.837,0.834,0.792,0.822,0.849,0.796,0.837,0.622,0.632,0.629,0.542,0.509,0.582,0.593,0.57,0.611
800,1.103,1.123,1.133,1.073,1.043,1.087,1.066,1.069,1.05,0.92,0.938,0.948,0.907,0.93,0.916,0.939,0.923,0.942,0.845,0.827,0.841,0.838,0.797,0.825,0.851,0.796,0.84,0.619,0.631,0.63,0.544,0.506,0.582,0.595,0.566,0.609
810,1.106,1.123,1.134,1.077,1.049,1.09,1.068,1.076,1.059,0.921,0.942,0.953,0.914,0.933,0.916,0.944,0.925,0.944,0.848,0.829,0.841,0.842,0.8,0.829,0.856,0.802,0.844,0.617,0.632,0.626,0.526,0.506,0.582,0.594,0.566,0.605
820,1.108,1.126,1.135,1.076,1.05,1.094,1.066,1.075,1.059,0.924,0.941,0.954,0.915,0.939,0.92,0.949,0.928,0.946,0.851,0.831,0.845,0.847,0.804,0.835,0.861,0.803,0.848,0.618,0.632,0.627,0.529,0.506,0.578,0.594,0.562,0.605
830,1.11,1.128,1.136,1.077,1.047,1.091,1.072,1.073,1.062,0.925,0.946,0.958,0.923,0.943,0.917,0.948,0.929,0.948,0.856,0.835,0.848,0.85,0.805,0.837,0.863,0.809,0.852,0.616,0.629,0.626,0.559,0.519,0.58,0.594,0.562,0.603
840,1.109,1.129,1.14,1.083,1.054,1.093,1.068,1.074,1.063,0.928,0.946,0.958,0.924,0.943,0.924,0.951,0.932,0.948,0.858,0.835,0.851,0.85,0.808,0.839,0.866,0.811,0.852,0.614,0.63,0.627,0.518,0.5,0.579,0.592,0.56,0.601
850,1.109,1.131,1.142,1.083,1.054,1.096,1.065,1.08,1.059,0.931,0.95,0.961,0.926,0.948,0.927,0.953,0.935,0.954,0.861,0.838,0.854,0.857,0.811,0.848,0.872,0.812,0.857,0.613,0.631,0.626,0.533,0.504,0.578,0.593,0.559,0.598
860,1.11,1.132,1.145,1.086,1.056,1.096,1.072,1.078,1.061,0.938,0.955,0.963,0.928,0.951,0.928,0.955,0.937,0.957,0.864,0.842,0.856,0.861,0.816,0.847,0.873,0.817,0.859,0.61,0.633,0.63,0.52,0.515,0.578,0.588,0.557,0.595
870,1.112,1.134,1.146,1.086,1.054,1.099,1.073,1.08,1.064,0.941,0.957,0.965,0.934,0.953,0.931,0.959,0.938,0.958,0.867,0.844,0.858,0.865,0.817,0.849,0.877,0.82,0.862,0.606,0.632,0.631,0.518,0.512,0.578,0.59,0.557,0.593
880,1.111,1.135,1.145,1.087,1.057,1.097,1.072,1.083,1.058,0.936,0.957,0.967,0.936,0.954,0.936,0.962,0.941,0.962,0.871,0.846,0.859,0.865,0.82,0.854,0.877,0.823,0.866,0.606,0.633,0.628,0.525,0.508,0.577,0.59,0.557,0.589
890,1.112,1.138,1.147,1.085,1.054,1.099,1.073,1.084,1.062,0.939,0.962,0.97,0.938,0.957,0.933,0.961,0.941,0.965,0.873,0.848,0.862,0.869,0.823,0.856,0.881,0.826,0.868,0.608,0.633,0.627,0.535,0.5,0.576,0.587,0.555,0.586
900,1.115,1.139,1.149,1.087,1.058,1.098,1.07,1.085,1.061,0.942,0.964,0.974,0.941,0.959,0.936,0.965,0.944,0.967,0.872,0.85,0.865,0.871,0.825,0.86,0.884,0.828,0.87,0.603,0.635,0.629,0.519,0.497,0.576,0.587,0.556,0.583
910,1.117,1.14,1.151,1.088,1.056,1.1,1.071,1.085,1.06,0.941,0.964,0.976,0.944,0.963,0.938,0.967,0.946,0.967,0.875,0.852,0.866,0.875,0.829,0.862,0.884,0.831,0.872,0.6,0.634,0.629,0.554,0.5,0.575,0.592,0.557,0.584
920,1.116,1.142,1.152,1.088,1.059,1.103,1.073,1.084,1.063,0.941,0.965,0.976,0.943,0.962,0.943,0.969,0.944,0.969,0.874,0.853,0.869,0.875,0.83,0.867,0.89,0.831,0.876,0.604,0.633,0.626,0.515,0.5,0.575,0.592,0.556,0.585
930,1.121,1.142,1.153,1.087,1.061,1.103,1.074,1.085,1.059,0.946,0.964,0.979,0.942,0.966,0.946,0.971,0.949,0.974,0.88,0.856,0.872,0.88,0.834,0.87,0.894,0.836,0.877,0.604,0.635,0.629,0.517,0.5,0.577,0.592,0.555,0.58
940,1.118,1.138,1.151,1.086,1.061,1.103,1.072,1.088,1.068,0.951,0.97,0.976,0.942,0.967,0.949,0.975,0.948,0.975,0.887,0.855,0.87,0.883,0.837,0.875,0.896,0.838,0.882,0.597,0.633,0.629,0.518,0.501,0.575,0.591,0.556,0.581
950,1.118,1.14,1.151,1.088,1.057,1.103,1.075,1.091,1.062,0.954,0.97,0.98,0.947,0.97,0.949,0.974,0.952,0.978,0.888,0.855,0.871,0.889,0.838,0.878,0.899,0.842,0.884,0.598,0.633,0.629,0.523,0.495,0.574,0.586,0.556,0.576
960,1.117,1.141,1.153,1.089,1.06,1.104,1.075,1.092,1.064,0.951,0.971,0.985,0.95,0.971,0.952,0.975,0.954,0.979,0.889,0.861,0.876,0.889,0.84,0.881,0.9,0.845,0.884,0.601,0.632,0.629,0.515,0.492,0.571,0.587,0.556,0.575